{
  "result": {
    "data": {
      "cookedFish": 7.041551410923915,
      "heavyAmmo": 2.3424639048601876,
      "steel": 1.5952566289258925,
      "bread": 1.7750687473237445,
      "grain": 0.07656474254369587,
      "limestone": 0.08087648739142116,
      "coca": 0.08922146706484053,
      "concrete": 1.593373798854572,
      "oil": 0.16687643712589204,
      "case1": 3.3977586383138774,
      "lightAmmo": 0.16246299067930411,
      "steak": 3.585890968465169,
      "livestock": 1.5417602535779473,
      "cocain": 35.996117817279966,
      "lead": 0.07863866432871063,
      "fish": 3.225825241254523,
      "petroleum": 0.08333579541927869,
      "ammo": 0.65653669151118,
      "iron": 0.0804682653769403,
      "scraps": 0.22867359430458298,
      "case2": 22.692387123745853,
      "wood": 0.08468527873086669,
      "paper": 0.1661600885648083
    }
  }
}