{
  "cookedFish": 7.061814203038414,
  "heavyAmmo": 2.3064976729754916,
  "steel": 1.5927782404830224,
  "bread": 1.7697159422936828,
  "grain": 0.07539818119028434,
  "limestone": 0.08065493171471917,
  "coca": 0.09167338336744746,
  "concrete": 1.5908041221236902,
  "oil": 0.1661246320167362,
  "lightAmmo": 0.16362,
  "steak": 3.628211796246532,
  "livestock": 1.5658219956300077,
  "cocain": 35.95822339561335,
  "lead": 0.07853575037445258,
  "fish": 3.199920529801323,
  "petroleum": 0.08297546328071384,
  "ammo": 0.6505495594713646,
  "iron": 0.07955048312716033,
  "wood": 0.08275925800966277,
  "paper": 0.16204864175805894
}