{
  "result": {
    "data": {
      "cookedFish": 7.061588868317521,
      "heavyAmmo": 2.341036612021857,
      "steel": 1.5885630295080018,
      "bread": 1.7765780606171697,
      "grain": 0.07648685165837331,
      "limestone": 0.08061731387462458,
      "coca": 0.09339968445081011,
      "concrete": 1.5789625755896244,
      "oil": 0.16600967647584522,
      "case1": 3.317728811200938,
      "lightAmmo": 0.16302328736217322,
      "steak": 3.632833223423891,
      "livestock": 1.523665530846487,
      "cocain": 35.92642400000007,
      "lead": 0.07807185143154373,
      "fish": 3.210011167512691,
      "petroleum": 0.08280507390711815,
      "ammo": 0.6455665712117039,
      "iron": 0.0795742386848065,
      "scraps": 0.2279261427447916,
      "case2": 22.4500166163142,
      "wood": 0.08205781703662082,
      "paper": 0.1646390251561355
    }
  }
}
